[
  {"model": "users.permission", "pk": 1, "fields": {"code": "user_view", "name": "Ver usuarios", "description": "Puede ver usuarios"}},
  {"model": "users.permission", "pk": 2, "fields": {"code": "user_edit", "name": "Editar usuarios", "description": "Puede editar usuarios"}},
  {"model": "users.permission", "pk": 3, "fields": {"code": "user_delete", "name": "Eliminar usuarios", "description": "Puede eliminar usuarios"}},
  {"model": "users.permission", "pk": 4, "fields": {"code": "user_create", "name": "Crear usuarios", "description": "Puede crear usuarios"}},

  {"model": "users.permission", "pk": 5, "fields": {"code": "plan_view", "name": "Ver planes", "description": "Puede ver planes de entrenamiento"}},
  {"model": "users.permission", "pk": 6, "fields": {"code": "plan_create", "name": "Crear planes", "description": "Puede crear planes de entrenamiento"}},
  {"model": "users.permission", "pk": 7, "fields": {"code": "plan_edit", "name": "Editar planes", "description": "Puede editar planes de entrenamiento"}},
  {"model": "users.permission", "pk": 8, "fields": {"code": "plan_delete", "name": "Eliminar planes", "description": "Puede eliminar planes de entrenamiento"}},

  {"model": "users.permission", "pk": 9, "fields": {"code": "fitness_profile_view", "name": "Ver perfil fitness", "description": "Puede ver perfiles fitness"}},
  {"model": "users.permission", "pk": 10, "fields": {"code": "fitness_profile_edit", "name": "Editar perfil fitness", "description": "Puede editar perfiles fitness"}},
  {"model": "users.permission", "pk": 11, "fields": {"code": "fitness_profile_delete", "name": "Eliminar perfil fitness", "description": "Puede eliminar perfiles fitness"}},

  {"model": "users.permission", "pk": 12, "fields": {"code": "conversation_view", "name": "Ver conversaciones", "description": "Puede ver conversaciones"}},
  {"model": "users.permission", "pk": 13, "fields": {"code": "conversation_create", "name": "Crear conversaciones", "description": "Puede crear conversaciones"}},
  {"model": "users.permission", "pk": 14, "fields": {"code": "conversation_respond", "name": "Responder conversaciones", "description": "Puede responder preguntas en conversaciones"}},
  {"model": "users.permission", "pk": 15, "fields": {"code": "conversation_reset", "name": "Reiniciar conversaciones", "description": "Puede reiniciar conversaciones"}},

  {"model": "users.permission", "pk": 16, "fields": {"code": "question_view", "name": "Ver preguntas", "description": "Puede ver preguntas"}},
  {"model": "users.permission", "pk": 17, "fields": {"code": "question_create", "name": "Crear preguntas", "description": "Puede crear preguntas"}},
  {"model": "users.permission", "pk": 18, "fields": {"code": "question_edit", "name": "Editar preguntas", "description": "Puede editar preguntas"}},
  {"model": "users.permission", "pk": 19, "fields": {"code": "question_delete", "name": "Eliminar preguntas", "description": "Puede eliminar preguntas"}},

  {"model": "users.permission", "pk": 20, "fields": {"code": "feedback_view", "name": "Ver feedback", "description": "Puede ver feedback"}},
  {"model": "users.permission", "pk": 21, "fields": {"code": "feedback_create", "name": "Crear feedback", "description": "Puede crear feedback"}},
  {"model": "users.permission", "pk": 22, "fields": {"code": "feedback_edit", "name": "Editar feedback", "description": "Puede editar feedback"}},
  {"model": "users.permission", "pk": 23, "fields": {"code": "feedback_delete", "name": "Eliminar feedback", "description": "Puede eliminar feedback"}},

  {"model": "users.permission", "pk": 24, "fields": {"code": "notification_view", "name": "Ver notificaciones", "description": "Puede ver notificaciones"}},
  {"model": "users.permission", "pk": 25, "fields": {"code": "notification_create", "name": "Crear notificaciones", "description": "Puede crear notificaciones"}},
  {"model": "users.permission", "pk": 26, "fields": {"code": "notification_edit", "name": "Editar notificaciones", "description": "Puede editar notificaciones"}},
  {"model": "users.permission", "pk": 27, "fields": {"code": "notification_delete", "name": "Eliminar notificaciones", "description": "Puede eliminar notificaciones"}},

  {"model": "users.permission", "pk": 28, "fields": {"code": "admin_panel_access", "name": "Acceso al panel admin", "description": "Puede acceder al panel de administración"}},

  {"model": "users.role", "pk": 1, "fields": {"name": "admin", "description": "Administrador con todos los permisos"}},
  {"model": "users.role", "pk": 2, "fields": {"name": "usuario", "description": "Usuario estándar"}},

  {"model": "users.rolepermission", "pk": 1, "fields": {"role": 1, "permission": 1}},
  {"model": "users.rolepermission", "pk": 2, "fields": {"role": 1, "permission": 2}},
  {"model": "users.rolepermission", "pk": 3, "fields": {"role": 1, "permission": 3}},
  {"model": "users.rolepermission", "pk": 4, "fields": {"role": 1, "permission": 4}},
  {"model": "users.rolepermission", "pk": 5, "fields": {"role": 1, "permission": 5}},
  {"model": "users.rolepermission", "pk": 6, "fields": {"role": 1, "permission": 6}},
  {"model": "users.rolepermission", "pk": 7, "fields": {"role": 1, "permission": 7}},
  {"model": "users.rolepermission", "pk": 8, "fields": {"role": 1, "permission": 8}},
  {"model": "users.rolepermission", "pk": 9, "fields": {"role": 1, "permission": 9}},
  {"model": "users.rolepermission", "pk": 10, "fields": {"role": 1, "permission": 10}},
  {"model": "users.rolepermission", "pk": 11, "fields": {"role": 1, "permission": 11}},
  {"model": "users.rolepermission", "pk": 12, "fields": {"role": 1, "permission": 12}},
  {"model": "users.rolepermission", "pk": 13, "fields": {"role": 1, "permission": 13}},
  {"model": "users.rolepermission", "pk": 14, "fields": {"role": 1, "permission": 14}},
  {"model": "users.rolepermission", "pk": 15, "fields": {"role": 1, "permission": 15}},
  {"model": "users.rolepermission", "pk": 16, "fields": {"role": 1, "permission": 16}},
  {"model": "users.rolepermission", "pk": 17, "fields": {"role": 1, "permission": 17}},
  {"model": "users.rolepermission", "pk": 18, "fields": {"role": 1, "permission": 18}},
  {"model": "users.rolepermission", "pk": 19, "fields": {"role": 1, "permission": 19}},
  {"model": "users.rolepermission", "pk": 20, "fields": {"role": 1, "permission": 20}},
  {"model": "users.rolepermission", "pk": 21, "fields": {"role": 1, "permission": 21}},
  {"model": "users.rolepermission", "pk": 22, "fields": {"role": 1, "permission": 22}},
  {"model": "users.rolepermission", "pk": 23, "fields": {"role": 1, "permission": 23}},
  {"model": "users.rolepermission", "pk": 24, "fields": {"role": 1, "permission": 24}},
  {"model": "users.rolepermission", "pk": 25, "fields": {"role": 1, "permission": 25}},
  {"model": "users.rolepermission", "pk": 26, "fields": {"role": 1, "permission": 26}},
  {"model": "users.rolepermission", "pk": 27, "fields": {"role": 1, "permission": 27}},
  {"model": "users.rolepermission", "pk": 28, "fields": {"role": 1, "permission": 28}},

  {"model": "users.rolepermission", "pk": 29, "fields": {"role": 2, "permission": 1}},
  {"model": "users.rolepermission", "pk": 30, "fields": {"role": 2, "permission": 5}},
  {"model": "users.rolepermission", "pk": 31, "fields": {"role": 2, "permission": 6}},
  {"model": "users.rolepermission", "pk": 32, "fields": {"role": 2, "permission": 9}},
  {"model": "users.rolepermission", "pk": 33, "fields": {"role": 2, "permission": 12}},
  {"model": "users.rolepermission", "pk": 34, "fields": {"role": 2, "permission": 13}},
  {"model": "users.rolepermission", "pk": 35, "fields": {"role": 2, "permission": 14}},
  {"model": "users.rolepermission", "pk": 36, "fields": {"role": 2, "permission": 15}},
  {"model": "users.rolepermission", "pk": 37, "fields": {"role": 2, "permission": 16}},
  {"model": "users.rolepermission", "pk": 38, "fields": {"role": 2, "permission": 21}},
  {"model": "users.rolepermission", "pk": 39, "fields": {"role": 2, "permission": 24}}
] 